[
  {
    "name": "StormEnd_01",
    "x": 17.62,
    "y": 84.75,
    "z": 53.03
  },
  {
    "name": "StormEnd_02",
    "x": 11.75,
    "y": 84.75,
    "z": 49.98
  },
  {
    "name": "StormEnd_03",
    "x": 14.37,
    "y": 84.75,
    "z": 44.34
  },
  {
    "name": "StormEnd_04",
    "x": 9.42,
    "y": 84.75,
    "z": 39.70
  },
  {
    "name": "StormEnd_05",
    "x": 10.59,
    "y": 85.00,
    "z": 35.16
  },
  {
    "name": "StormEnd_06",
    "x": -5.29,
    "y": 84.75,
    "z": 38.10
  },
  {
    "name": "StormEnd_07",
    "x": 0.65,
    "y": 84.75,
    "z": 31.52
  },
  {
    "name": "StormEnd_08",
    "x": -0.75,
    "y": 84.75,
    "z": 28.51
  },
  {
    "name": "StormEnd_09",
    "x": 1.17,
    "y": 84.97,
    "z": 24.36
  },
  {
    "name": "StormEnd_10",
    "x": 12.60,
    "y": 85.16,
    "z": 21.39
  },
  {
    "name": "StormEnd_11",
    "x": 17.15,
    "y": 87.80,
    "z": 20.33
  },
  {
    "name": "StormEnd_12",
    "x": -10.30,
    "y": 84.75,
    "z": 24.07
  },
  {
    "name": "StormEnd_13",
    "x": 2.27,
    "y": 84.75,
    "z": 19.88
  },
  {
    "name": "StormEnd_14",
    "x": -1.3858609199523926,
    "y": 84.39524841308594,
    "z": -32.78056716918945
  },
  {
    "name": "StormEnd_15",
    "x": -17.315980911254883,
    "y": 84.31314086914063,
    "z": 11.212122917175293
  },
  {
    "name": "StormEnd_16",
    "x": 4.05,
    "y": 84.75,
    "z": 16.99
  },
  {
    "name": "StormEnd_17",
    "x": 6.58,
    "y": 86.07,
    "z": 4.87
  },
  {
    "name": "StormEnd_18",
    "x": 17.62,
    "y": 84.75,
    "z": 53.03
  },
  {
    "name": "StormEnd_19",
    "x": -18.61,
    "y": 84.75,
    "z": 0.77
  },
  {
    "name": "StormEnd_20",
    "x": -8.19,
    "y": 84.77,
    "z": -0.82
  },
  {
    "name": "StormEnd_21",
    "x": -19.89,
    "y": 84.75,
    "z": -14.57
  },
  {
    "name": "StormEnd_22",
    "x": -8.48,
    "y": 84.75,
    "z": -13.93
  },
  {
    "name": "StormEnd_23",
    "x": 11.21,
    "y": 84.75,
    "z": -15.37
  },
  {
    "name": "StormEnd_24",
    "x": 4.49,
    "y": 84.75,
    "z": -25.06
  },
  {
    "name": "StormEnd_25",
    "x": -0.71,
    "y": 84.75,
    "z": -24.06
  },
  {
    "name": "StormEnd_26",
    "x": -6.085538864135742,
    "y": 84.4644546508789,
    "z": 7.154194355010986
  },
  {
    "name": "StormEnd_27",
    "x": -23.14,
    "y": 84.75,
    "z": -35.75
  },
  {
    "name": "StormEnd_28",
    "x": -4.60,
    "y": 84.75,
    "z": -40.12
  },
  {
    "name": "StormEnd_29",
    "x": -12.31,
    "y": 84.75,
    "z": -57.84
  },
  {
    "name": "StormEnd_30",
    "x": 5.36,
    "y": 84.75,
    "z": -49.06
  },
  {
    "name": "StormEnd_31",
    "x": 6.21,
    "y": 84.75,
    "z": -50.73
  },
  {
    "name": "StormEnd_32",
    "x": 5.03,
    "y": 84.75,
    "z": -51.75
  },
  {
    "name": "StormEnd_33",
    "x": 14.60,
    "y": 84.75,
    "z": -52.10
  },
  {
    "name": "StormEnd_34",
    "x": 15.46,
    "y": 84.75,
    "z": -53.61
  },
  {
    "name": "StormEnd_35",
    "x": -12.27,
    "y": 84.75,
    "z": -74.83
  },
  {
    "name": "StormEnd_36",
    "x": 8.28,
    "y": 84.75,
    "z": -91.92
  },
  {
    "name": "StormEnd_37",
    "x": 19.03,
    "y": 84.93,
    "z": -89.63
  },
  {
    "name": "StormEnd_38",
    "x": 18.80,
    "y": 85.37,
    "z": -92.90
  },
  {
    "name": "StormEnd_39",
    "x": 0.70,
    "y": 84.75,
    "z": -103.39
  },
  {
    "name": "StormEnd_40",
    "x": 11.77,
    "y": 84.75,
    "z": -108.34
  },
  {
    "name": "StormEnd_41",
    "x": 3.52,
    "y": 84.75,
    "z": -119.46
  },
  {
    "name": "StormEnd_42",
    "x": -5.56,
    "y": 84.75,
    "z": -123.66
  },
  {
    "name": "StormEnd_43",
    "x": 2.40,
    "y": 84.75,
    "z": -133.30
  },
  {
    "name": "StormEnd_44",
    "x": -1.12,
    "y": 84.75,
    "z": -139.27
  },
  {
    "name": "StormEnd_45",
    "x": 1.28,
    "y": 84.75,
    "z": -143.75
  },
  {
    "name": "StormEnd_46",
    "x": 15.82,
    "y": 84.75,
    "z": -153.82
  },
  {
    "name": "StormEnd_47",
    "x": 10.15,
    "y": 85.09,
    "z": -155.22
  },
  {
    "name": "StormEnd_48",
    "x": 8.74,
    "y": 84.90,
    "z": -161.22
  },
  {
    "name": "StormEnd_49",
    "x": 5.92,
    "y": 84.83,
    "z": -166.36
  },
  {
    "name": "StormEnd_50",
    "x": -0.31,
    "y": 84.89,
    "z": -174.09
  },
  {
    "name": "StormEnd_51",
    "x": 9.10,
    "y": 84.83,
    "z": -175.68
  },
  {
    "name": "StormEnd_52",
    "x": 6.73,
    "y": 84.88,
    "z": -181.88
  },
  {
    "name": "StormEnd_53",
    "x": 10.59,
    "y": 84.75,
    "z": -186.77
  },
  {
    "name": "StormEnd_54",
    "x": 5.53,
    "y": 84.93,
    "z": -188.42
  },
  {
    "name": "StormEnd_55",
    "x": -0.36,
    "y": 84.82,
    "z": -190.49
  },
  {
    "name": "StormEnd_56",
    "x": -1.05,
    "y": 84.75,
    "z": -204.03
  },
  {
    "name": "StormEnd_57",
    "x": 2.21,
    "y": 84.75,
    "z": -207.74
  },
  {
    "name": "StormEnd_58",
    "x": -2.79,
    "y": 84.75,
    "z": -211.26
  },
  {
    "name": "StormEnd_59",
    "x": 5.65,
    "y": 87.00,
    "z": -222.50
  },
  {
    "name": "StormEnd_60",
    "x": 8.51,
    "y": 84.16,
    "z": -245.69
  },
  {
    "name": "StormEnd_61",
    "x": -0.15,
    "y": 84.17,
    "z": -251.03
  },
  {
    "name": "StormEnd_62",
    "x": 9.05,
    "y": 84.16,
    "z": -271.01
  }
]