{
    "file_format_version" : "1.0.0",
    "layer" : {
      "name": "VkLayer_lukas_sml",
      "type": "GLOBAL",
      "api_version": "1.3.221",
      "library_path": ".\\powrprof.dll",
      "implementation_version": "1",
      "description": "A mod loader for Sky CotL",
      "functions": {
        "vkGetInstanceProcAddr": "ModLoader_GetInstanceProcAddr",
        "vkGetDeviceProcAddr": "ModLoader_GetDeviceProcAddr"
      },
      "disable_environment": {
        "DISABLE_VKROOTS_TEST_1": "1"
      }
    },
    "fontPath": "fonts",
    "fontSize": 18.0,
    "unicodeRangeStart": "0x0001",
    "unicodeRangeEnd": "0xFFFF"
}